user,action,message,timestamp
user2,post,This is a comment by user1,2025-11-19T15:27:27.702562
user3,like,This is a post by user2,2025-11-19T15:27:28.703875
user1,like,This is a post by user1,2025-11-19T15:27:29.704978
user2,comment,This is a post by user2,2025-11-19T15:27:30.707086
user3,like,This is a like by user1,2025-11-19T15:27:31.707740
user1,comment,This is a post by user2,2025-11-19T15:27:32.709051
user3,post,This is a like by user3,2025-11-19T15:27:33.711900
user3,post,This is a post by user3,2025-11-19T15:27:34.712719
user3,like,This is a post by user1,2025-11-19T15:27:35.713739
user2,like,This is a post by user3,2025-11-19T15:27:36.717218
user2,comment,This is a post by user2,2025-11-19T15:27:37.717908
user1,post,This is a like by user2,2025-11-19T15:27:38.718714
user2,post,This is a like by user2,2025-11-19T15:27:39.074426
user3,post,This is a comment by user2,2025-11-19T15:27:39.348660
user1,post,This is a post by user1,2025-11-19T15:27:40.349885
user2,comment,This is a comment by user2,2025-11-19T15:27:41.351022
user3,comment,This is a like by user3,2025-11-19T15:27:42.352682
user2,post,This is a comment by user1,2025-11-19T15:27:43.353189
user3,post,This is a comment by user3,2025-11-19T15:27:44.354157
user2,like,This is a comment by user2,2025-11-19T15:27:45.355088
user2,comment,This is a post by user1,2025-11-19T15:27:46.356033
user3,comment,This is a comment by user3,2025-11-19T15:27:47.356513
user1,comment,This is a like by user3,2025-11-19T15:27:48.358660
user1,comment,This is a like by user1,2025-11-19T15:27:49.362015
user2,post,This is a post by user2,2025-11-19T15:27:50.366165
user1,like,This is a comment by user2,2025-11-19T15:27:51.367214
user3,post,This is a like by user2,2025-11-19T15:27:52.369018
user3,like,This is a comment by user1,2025-11-19T15:27:53.372551
user3,post,This is a like by user1,2025-11-19T15:27:54.374957
user1,like,This is a like by user1,2025-11-19T15:27:55.377476
user2,comment,This is a post by user2,2025-11-19T15:27:56.384164
user1,like,This is a like by user3,2025-11-19T15:27:57.389442
user2,like,This is a like by user1,2025-11-19T15:27:58.390254
user3,like,This is a post by user3,2025-11-19T15:27:59.393271
user1,post,This is a like by user1,2025-11-19T15:28:00.395401
user1,post,This is a post by user3,2025-11-19T15:28:01.396971
user2,like,This is a like by user3,2025-11-19T15:28:02.399139
user1,like,This is a post by user2,2025-11-19T15:28:03.401255
user1,post,This is a like by user1,2025-11-19T15:28:04.402222
user1,comment,This is a comment by user2,2025-11-19T15:28:05.406046
user3,comment,This is a post by user3,2025-11-19T15:28:06.407354
user1,post,This is a like by user2,2025-11-19T15:28:07.413799
user1,comment,This is a post by user3,2025-11-19T15:28:07.780848
user2,post,This is a like by user2,2025-11-19T15:28:08.004016
user2,comment,This is a post by user2,2025-11-19T15:28:09.005211
user2,like,This is a comment by user1,2025-11-19T15:28:10.006751
user2,post,This is a comment by user3,2025-11-19T15:28:11.013512
user2,like,This is a like by user1,2025-11-19T15:28:12.015551
user1,comment,This is a comment by user1,2025-11-19T15:28:13.017911
user1,post,This is a comment by user3,2025-11-19T15:28:14.019569
user3,comment,This is a like by user3,2025-11-19T15:28:15.029724
user3,comment,This is a comment by user2,2025-11-19T15:28:16.031945
user1,like,This is a like by user2,2025-11-19T15:28:17.036611
user3,like,This is a comment by user1,2025-11-19T15:28:18.037501
user3,comment,This is a comment by user2,2025-11-19T15:28:19.038145
user3,post,This is a comment by user2,2025-11-19T15:28:20.039085
user1,post,This is a post by user1,2025-11-19T15:28:21.041082
user2,comment,This is a comment by user1,2025-11-19T15:28:22.042675
user1,like,This is a like by user1,2025-11-19T15:28:23.046319
user3,like,This is a post by user1,2025-11-19T15:28:24.047244
user3,post,This is a comment by user2,2025-11-19T15:28:25.048624
user3,like,This is a comment by user2,2025-11-19T15:28:26.049722
user3,comment,This is a post by user1,2025-11-19T15:28:27.051725
user3,comment,This is a post by user3,2025-11-19T15:28:28.053018
user3,like,This is a like by user2,2025-11-19T15:28:29.054590
user1,comment,This is a like by user1,2025-11-19T15:28:30.056714
user2,comment,This is a post by user2,2025-11-19T15:28:31.058301
user2,comment,This is a post by user3,2025-11-19T15:28:32.059175
user2,like,This is a post by user2,2025-11-19T15:28:33.059735
user2,comment,This is a like by user1,2025-11-19T15:28:34.060644
user1,comment,This is a post by user1,2025-11-19T15:28:35.061897
user3,like,This is a like by user3,2025-11-19T15:28:36.064596
user2,comment,This is a like by user2,2025-11-19T15:28:36.462027
user1,comment,This is a post by user2,2025-11-19T15:28:36.713964
user1,comment,This is a post by user3,2025-11-19T15:28:37.716905
user3,like,This is a like by user3,2025-11-19T15:28:38.719983
user2,like,This is a like by user2,2025-11-19T15:28:39.721948
user3,comment,This is a comment by user3,2025-11-19T15:28:40.724043
user2,like,This is a like by user3,2025-11-19T15:28:41.727178
user3,comment,This is a like by user1,2025-11-19T15:28:42.729055
user1,comment,This is a post by user1,2025-11-19T15:28:43.732008
user1,comment,This is a comment by user3,2025-11-19T15:28:44.733980
user3,comment,This is a like by user2,2025-11-19T15:28:45.740525
user1,comment,This is a comment by user3,2025-11-19T15:28:46.747267
user1,like,This is a post by user3,2025-11-19T15:28:47.750809
